config,n_seeds,mae_mean,mae_std,rmse_mean,rmse_std,smape_mean,smape_std,retrains_mean,retrains_std
brent_adaptive_retrain_lgbm,5,4.000780767988215,0.0,10.675721321715496,0.0,7.329472667074683,0.0,11.0,0.0
brent_adaptive_retrain_lstm,5,39.167837635912576,1.2300687345455328,50.686056687972965,1.5975141838664497,56.06881625786973,0.5048442515258407,10.0,0.0
brent_adaptive_retrain_naive,5,17.99907332251082,0.0,25.856369693893505,3.972054645195637e-15,30.916836311880456,3.972054645195637e-15,11.0,0.0
brent_adaptive_retrain_rf,5,4.603311855820522,0.007062994075494253,11.510446982710604,0.012814887753279082,8.481216640956653,0.02908828326084833,11.0,0.0
brent_adaptive_retrain_seasonal_naive,5,18.73003382034632,0.0,26.294765385429535,3.972054645195637e-15,32.96353508201298,0.0,11.0,0.0
brent_adaptive_retrain_tsmixer,5,1.3935524559189472,0.0,2.642998347594782,0.0,2.8601610730741505,0.0,11.0,0.0
brent_fixed_retrain_lgbm,5,8.819921970571977,0.0,18.08819891654237,0.0,15.307653747198634,1.9860273225978185e-15,5.0,0.0
brent_fixed_retrain_lstm,5,38.87026764751931,1.9215036654444209,50.83413578020564,3.4770698978195482,58.93826678509239,0.9532052943870489,5.0,0.0
brent_fixed_retrain_naive,5,22.763940746753246,0.0,31.651655108657813,0.0,38.04016376823389,0.0,5.0,0.0
brent_fixed_retrain_rf,5,9.94648870044365,0.03569231465257915,19.113124051190926,0.053094129419993634,17.228821262974073,0.07357037400873592,5.0,0.0
brent_fixed_retrain_seasonal_naive,5,22.932069805194807,0.0,31.600285238229198,0.0,39.08148795274665,0.0,5.0,0.0
brent_fixed_retrain_tsmixer,5,1.5131012286499455,0.0,3.0870350899291976,0.0,3.2496064671134604,0.0,5.0,0.0
brent_no_retrain_lgbm,5,19.089569595060933,0.0,31.61456047039344,0.0,31.576523896784458,0.0,1.0,0.0
brent_no_retrain_lstm,5,27.886673371270348,0.09161227551974573,34.36468911630054,0.2694020185913939,57.47465622429708,0.23185161560140524,1.0,0.0
brent_no_retrain_naive,5,35.762988365800865,0.0,47.63597763475791,0.0,80.38037343133772,0.0,1.0,0.0
brent_no_retrain_rf,5,21.676174883874392,0.17497098959380877,33.601038768294394,0.19078796517454058,35.74599188660585,0.4240397841050642,1.0,0.0
brent_no_retrain_seasonal_naive,5,35.4322876082251,0.0,47.28833692098619,0.0,79.1122190213927,0.0,1.0,0.0
brent_no_retrain_tsmixer,5,1.8138087926330175,0.0,4.256400290166738,0.0,3.7916789049038018,0.0,1.0,0.0
electricity_adaptive_retrain_lgbm,5,210.422328414833,3.1776437161565096e-14,458.53630194502387,0.0,16.500665734918975,0.0,519.0,0.0
electricity_adaptive_retrain_lstm,5,787.7723485722055,8.588059955742517,1417.6097704715285,19.603637025320015,39.288375458610616,2.5888531333415483,769.8,31.57847368065784
electricity_adaptive_retrain_naive,5,959.5809568480302,1.2710574864626038e-13,1691.4784597366204,2.5421149729252077e-13,44.857685377986876,0.0,299.0,0.0
electricity_adaptive_retrain_rf,5,204.10285412121033,9.356890127210995,445.05867393724776,11.02124038005049,13.027300127658819,1.5275082955616857,927.6,25.85149898942032
electricity_adaptive_retrain_seasonal_naive,5,456.79813946216393,6.355287432313019e-14,699.5792697577572,0.0,28.60075370122459,0.0,141.0,0.0
electricity_adaptive_retrain_tsmixer,5,557.7891269602806,0.0,962.545739381482,1.2710574864626038e-13,58.41118331448886,0.0,384.0,0.0
electricity_fixed_retrain_lgbm,5,122.65712866103146,1.5888218580782548e-14,329.7916762221077,0.0,6.1833639510703104,0.0,533.0,0.0
electricity_fixed_retrain_lstm,5,811.0676085579979,14.953258358287643,1519.5390660413973,30.151948937196643,37.332841494965734,0.22543843256015447,533.0,0.0
electricity_fixed_retrain_naive,5,926.3639931207005,0.0,1704.6235685877223,2.5421149729252077e-13,43.64191828997983,0.0,533.0,0.0
electricity_fixed_retrain_rf,5,157.28626809175654,0.44018894971219036,353.7554057608916,1.6810242316329354,9.776278233541808,0.03270254502416749,533.0,0.0
electricity_fixed_retrain_seasonal_naive,5,259.1578408380238,0.0,553.3836941662115,0.0,12.778539843928161,0.0,533.0,0.0
electricity_fixed_retrain_tsmixer,5,633.4851987237593,0.0,1160.6185901642189,0.0,26.529281590230188,0.0,533.0,0.0
electricity_no_retrain_lgbm,5,1494.5393412799951,0.0,2879.75844518048,0.0,71.63639956014713,0.0,1.0,0.0
electricity_no_retrain_lstm,5,2214.875566966984,42.83267926994419,2885.320464219765,63.9677237388847,105.83082658032227,1.3880472593605144,1.0,0.0
electricity_no_retrain_naive,5,2219.2852564102564,0.0,3608.452636174846,5.084229945850415e-13,118.97400302798636,0.0,1.0,0.0
electricity_no_retrain_rf,5,1811.775919896795,21.140649643888995,3062.6424212544903,14.723181399488134,87.27516462806452,4.204196317516783,1.0,0.0
electricity_no_retrain_seasonal_naive,5,2188.6955909943713,0.0,3577.312688876858,0.0,111.21698044653456,0.0,1.0,0.0
electricity_no_retrain_tsmixer,5,872.2705115114737,0.0,1439.925810698109,0.0,42.30410408147199,0.0,1.0,0.0
traffic_adaptive_retrain_lgbm,5,190.88500627533094,0.0,358.89602656107655,0.0,9.292103094643519,0.0,494.0,0.0
traffic_adaptive_retrain_lstm,5,2765.753929687896,11.53552584345518,3371.6252458940407,10.004138167866639,72.70284178618563,0.14068265645159925,494.0,0.0
traffic_adaptive_retrain_naive,5,2998.7485675766766,0.0,3593.6504221693112,5.084229945850415e-13,146.93153162579037,0.0,4.0,0.0
traffic_adaptive_retrain_rf,5,321.6191473991306,0.53144323945537,600.4484148299496,3.196033499615902,13.393606775981201,0.0143049383635112,494.0,0.0
traffic_adaptive_retrain_seasonal_naive,5,2802.4795458375465,0.0,3378.2931549057153,0.0,143.3216528847852,0.0,19.0,0.0
traffic_adaptive_retrain_tsmixer,5,1422.7389218982357,0.0,1962.328114205055,2.5421149729252077e-13,68.67395920067608,0.0,343.0,0.0
traffic_fixed_retrain_lgbm,5,195.59795363340464,0.0,364.8586708961814,0.0,9.289302694569185,0.0,198.0,0.0
traffic_fixed_retrain_lstm,5,2621.913893206903,21.168420037178436,3226.8147641414025,21.668258826974412,70.98038524688911,0.2548349915906945,198.0,0.0
traffic_fixed_retrain_naive,5,2227.155375800472,0.0,2743.0214988140083,0.0,79.72490536276683,0.0,198.0,0.0
traffic_fixed_retrain_rf,5,327.7256774105278,1.1690089154568248,605.5597414336913,4.69331548865976,13.62525329410758,0.03923650566047194,198.0,0.0
traffic_fixed_retrain_seasonal_naive,5,2141.5023592854736,0.0,2710.5166227245427,0.0,77.40291443092548,0.0,198.0,0.0
traffic_fixed_retrain_tsmixer,5,897.5900325945864,0.0,1156.7313543782693,0.0,41.616476724772575,0.0,198.0,0.0
traffic_no_retrain_lgbm,5,212.70753324287563,0.0,385.7975434998868,0.0,9.786707692998489,0.0,1.0,0.0
traffic_no_retrain_lstm,5,2937.626693235944,547.7468164096226,3502.886850382844,506.4388996867013,74.80331254499454,6.465792224422494,1.0,0.0
traffic_no_retrain_naive,5,1744.5208543983822,0.0,1986.0409853632514,2.5421149729252077e-13,63.4028847601669,0.0,1.0,0.0
traffic_no_retrain_rf,5,349.92987911675516,7.363174878881461,588.856076128538,21.821303368681885,14.117164526725151,0.18843666193656652,1.0,0.0
traffic_no_retrain_seasonal_naive,5,2180.6418099089988,0.0,2688.5029466841374,0.0,81.93676070621933,0.0,1.0,0.0
traffic_no_retrain_tsmixer,5,852.3067139037579,0.0,1068.911634506323,0.0,37.881039650433166,0.0,1.0,0.0
wti_adaptive_retrain_lgbm,5,3.609255190547196,0.0,9.45743231306662,0.0,6.7857572258926835,9.930136612989092e-16,10.0,0.0
wti_adaptive_retrain_lstm,5,37.28943673943728,0.7885671360949765,47.236546942104816,0.9931941176432614,55.161470845992994,0.7023632003216459,10.0,0.0
wti_adaptive_retrain_naive,5,17.610091991341992,0.0,27.137734717360377,0.0,28.552254253014002,0.0,11.0,0.0
wti_adaptive_retrain_rf,5,4.183895960154758,0.0065684393896714745,10.578908746028013,0.021672292105977625,7.848056705423327,0.011778597866533961,11.0,0.0
wti_adaptive_retrain_seasonal_naive,5,17.43097132034632,0.0,26.47978268856763,3.972054645195637e-15,29.268564339870174,0.0,11.0,0.0
wti_adaptive_retrain_tsmixer,5,1.387586871202421,0.0,2.935033185499915,0.0,3.272990267575119,0.0,11.0,0.0
wti_fixed_retrain_lgbm,5,7.119883992949015,9.930136612989092e-16,14.121597624829391,0.0,13.337304586648576,0.0,5.0,0.0
wti_fixed_retrain_lstm,5,36.448740845754784,0.6757190855617338,49.65679530238158,1.4936549524563096,55.204801015933825,0.6561691994525662,5.0,0.0
wti_fixed_retrain_naive,5,19.75002164502165,0.0,26.891229525233463,0.0,35.49924809342294,0.0,5.0,0.0
wti_fixed_retrain_rf,5,8.222873439188406,0.04510178879417438,15.399624006313147,0.0619255753844052,15.499565828318856,0.09255770749339244,5.0,0.0
wti_fixed_retrain_seasonal_naive,5,18.854096320346322,0.0,25.4541678573377,0.0,35.0265071452322,0.0,5.0,0.0
wti_fixed_retrain_tsmixer,5,1.3688830729457937,0.0,2.7672189563069858,0.0,3.16783639380746,0.0,5.0,0.0
wti_no_retrain_lgbm,5,18.176231531116606,0.0,29.44894869953374,3.972054645195637e-15,31.679252457307758,3.972054645195637e-15,1.0,0.0
wti_no_retrain_lstm,5,25.841834692329133,0.7278690846264749,31.843467494454625,0.958387379253603,54.05369570970779,1.6284068102919602,1.0,0.0
wti_no_retrain_naive,5,32.73554924242424,0.0,43.21105904615962,0.0,73.96436461008776,0.0,1.0,0.0
wti_no_retrain_rf,5,20.547143013317893,0.213964246168665,31.1380593969276,0.23988228518851668,35.592554984780506,0.4986916606025908,1.0,0.0
wti_no_retrain_seasonal_naive,5,32.90544913419914,0.0,43.3840386096968,0.0,74.61635984186739,0.0,1.0,0.0
wti_no_retrain_tsmixer,5,1.8721115159755883,0.0,4.087839281848254,0.0,4.08414738781624,0.0,1.0,0.0
